state,salary_annual,total_tax_monthly,take_home_monthly,housing_monthly,groceries_monthly,disposable_monthly,disposable_annual,rank_at_salary
AK,50000,637,3530,1444,518,1568,18811,31
AL,50000,832,3335,1077,348,1910,22920,17
AR,50000,784,3382,982,335,2065,24785,7
AZ,50000,724,3443,1672,371,1400,16798,37
CA,50000,791,3375,2104,452,819,9831,49
CO,50000,761,3405,1822,398,1185,14223,45
CT,50000,804,3363,1550,445,1368,16415,39
DE,50000,821,3346,1530,398,1418,17011,36
FL,50000,637,3530,1812,375,1343,16111,40
GA,50000,801,3365,1506,362,1497,17967,34
HI,50000,855,3312,1942,598,772,9259,50
IA,50000,744,3422,981,332,2109,25311,5
ID,50000,766,3401,1384,358,1659,19909,29
IL,50000,831,3335,1322,392,1621,19457,30
IN,50000,758,3409,1104,342,1963,23558,14
KS,50000,803,3364,1079,338,1947,23361,16
KY,50000,773,3394,998,338,2058,24691,8
LA,50000,730,3437,1064,348,2025,24297,10
MA,50000,827,3340,1848,458,1034,12403,47
MD,50000,805,3362,1721,428,1213,14556,44
ME,50000,850,3317,1210,408,1699,20388,26
MI,50000,793,3373,1168,358,1847,22169,20
MN,50000,793,3373,1291,378,1704,20450,25
MO,50000,755,3412,1067,348,1997,23962,12
MS,50000,743,3424,990,328,2106,25271,6
MT,50000,770,3397,1177,378,1842,22102,21
NC,50000,761,3406,1338,358,1710,20517,24
ND,50000,637,3530,980,358,2192,26299,2
NE,50000,768,3399,1102,348,1949,23384,15
NH,50000,637,3530,1558,428,1544,18523,32
NJ,50000,754,3413,1800,448,1165,13979,46
NM,50000,736,3431,1117,348,1966,23591,13
NV,50000,637,3530,1709,375,1446,17347,35
NY,50000,815,3352,1634,478,1240,14877,43
OH,50000,686,3480,1090,352,2038,24458,9
OK,50000,782,3385,1044,342,1999,23983,11
OR,50000,979,3188,1765,408,1015,12178,48
PA,50000,765,3402,1252,385,1765,21176,22
RI,50000,813,3354,1418,428,1508,18098,33
SC,50000,791,3376,1272,352,1752,21024,23
SD,50000,637,3530,999,348,2183,26191,3
TN,50000,637,3530,1284,358,1888,22651,19
TX,50000,637,3530,1475,372,1683,20191,27
UT,50000,825,3342,1593,372,1377,16525,38
VA,50000,809,3358,1646,398,1314,15766,41
VT,50000,755,3411,1319,418,1674,20092,28
WA,50000,671,3496,1824,428,1244,14928,42
WI,50000,758,3409,1142,362,1905,22857,18
WV,50000,764,3403,883,322,2198,26374,1
WY,50000,637,3530,998,362,2170,26035,4
AK,75000,1117,5133,1444,518,3171,38049,26
AL,75000,1416,4834,1077,348,3409,40908,19
AR,75000,1346,4904,982,335,3587,43047,8
AZ,75000,1256,4994,1672,371,2951,35410,36
CA,75000,1444,4806,2104,452,2250,27005,49
CO,75000,1333,4917,1822,398,2697,32361,45
CT,75000,1399,4851,1550,445,2856,34278,40
DE,75000,1427,4823,1530,398,2895,34738,38
FL,75000,1117,5133,1812,375,2946,35349,37
GA,75000,1390,4860,1506,362,2992,35907,35
HI,75000,1503,4747,1942,598,2207,26481,50
IA,75000,1304,4946,981,332,3633,43598,5
ID,75000,1356,4894,1384,358,3152,37822,30
IL,75000,1415,4835,1322,392,3121,37457,32
IN,75000,1299,4951,1104,342,3505,42058,12
KS,75000,1399,4851,1079,338,3434,41203,17
KY,75000,1326,4924,998,338,3588,43053,7
LA,75000,1273,4977,1064,348,3565,42785,10
MA,75000,1411,4839,1848,458,2533,30391,47
MD,75000,1384,4866,1721,428,2717,32606,44
ME,75000,1471,4779,1210,408,3161,37931,28
MI,75000,1362,4888,1168,358,3362,40344,20
MN,75000,1415,4835,1291,378,3166,37988,27
MO,75000,1333,4917,1067,348,3502,42025,13
MS,75000,1306,4944,990,328,3626,43509,6
MT,75000,1357,4893,1177,378,3338,40056,21
NC,75000,1324,4926,1338,358,3230,38757,25
ND,75000,1134,5116,980,358,3778,45333,2
NE,75000,1343,4907,1102,348,3457,41484,16
NH,75000,1117,5133,1558,428,3147,37761,31
NJ,75000,1357,4893,1800,448,2645,31741,46
NM,75000,1314,4936,1117,348,3471,41653,15
NV,75000,1117,5133,1709,375,3049,36585,33
NY,75000,1408,4842,1634,478,2730,32764,43
OH,75000,1224,5026,1090,352,3584,43008,9
OK,75000,1356,4894,1044,342,3508,42095,11
OR,75000,1654,4596,1765,408,2423,29078,48
PA,75000,1309,4941,1252,385,3304,39646,22
RI,75000,1398,4852,1418,428,3006,36073,34
SC,75000,1396,4854,1272,352,3230,38762,24
SD,75000,1117,5133,999,348,3786,45429,1
TN,75000,1117,5133,1284,358,3491,41889,14
TX,75000,1117,5133,1475,372,3286,39429,23
UT,75000,1399,4851,1593,372,2886,34638,39
VA,75000,1409,4841,1646,398,2797,33566,42
VT,75000,1354,4896,1319,418,3159,37909,29
WA,75000,1168,5082,1824,428,2830,33963,41
WI,75000,1337,4913,1142,362,3409,40913,18
WV,75000,1341,4909,883,322,3704,44452,4
WY,75000,1117,5133,998,362,3773,45273,3
AK,100000,1735,6598,1444,518,4636,55636,24
AL,100000,2138,6195,1077,348,4770,57245,18
AR,100000,2045,6289,982,335,4972,59660,9
AZ,100000,1926,6407,1672,371,4364,52373,36
CA,100000,2279,6055,2104,452,3499,41985,50
CO,100000,2043,6291,1822,398,4071,48848,45
CT,100000,2131,6203,1550,445,4208,50490,41
DE,100000,2182,6151,1530,398,4223,50675,40
FL,100000,1735,6598,1812,375,4411,52936,34
GA,100000,2116,6218,1506,362,4350,52197,37
HI,100000,2281,6053,1942,598,3513,42153,49
IA,100000,2001,6333,981,332,5020,60236,5
ID,100000,2084,6249,1384,358,4507,54084,29
IL,100000,2135,6198,1322,392,4484,53807,32
IN,100000,1978,6355,1104,342,4909,58908,12
KS,100000,2133,6200,1079,338,4783,57396,17
KY,100000,2017,6316,998,338,4980,59766,8
LA,100000,1953,6381,1064,348,4969,59622,10
MA,100000,2133,6200,1848,458,3894,46728,47
MD,100000,2101,6233,1721,428,4084,49006,43
ME,100000,2238,6096,1210,408,4478,53731,33
MI,100000,2068,6265,1168,358,4739,56869,21
MN,100000,2175,6159,1291,378,4490,53875,30
MO,100000,2049,6285,1067,348,4870,58437,14
MS,100000,2007,6326,990,328,5008,60096,6
MT,100000,2092,6241,1177,378,4686,56231,23
NC,100000,2025,6308,1338,358,4612,55347,26
ND,100000,1793,6541,980,358,5203,62433,3
NE,100000,2056,6278,1102,348,4828,57934,16
NH,100000,1735,6598,1558,428,4612,55348,25
NJ,100000,2114,6219,1800,448,3971,47652,46
NM,100000,2032,6301,1117,348,4836,58031,15
NV,100000,1735,6598,1709,375,4514,54172,28
NY,100000,2143,6191,1634,478,4079,48945,44
OH,100000,1899,6434,1090,352,4992,59908,7
OK,100000,2068,6266,1044,342,4880,58558,13
OR,100000,2466,5867,1765,408,3694,44328,48
PA,100000,1991,6343,1252,385,4706,56466,22
RI,100000,2115,6219,1418,428,4373,52471,35
SC,100000,2139,6195,1272,352,4571,54849,27
SD,100000,1735,6598,999,348,5251,63016,1
TN,100000,1735,6598,1284,358,4956,59476,11
TX,100000,1735,6598,1475,372,4751,57016,20
UT,100000,2110,6223,1593,372,4258,51100,39
VA,100000,2146,6187,1646,398,4143,49716,42
VT,100000,2109,6224,1319,418,4487,53846,31
WA,100000,1802,6531,1824,428,4279,51349,38
WI,100000,2065,6269,1142,362,4765,57175,19
WV,100000,2059,6275,883,322,5070,60835,4
WY,100000,1735,6598,998,362,5238,62860,2
AK,150000,3017,9483,1444,518,7521,90247,17
AL,150000,3629,8871,1077,348,7446,89356,21
AR,150000,3490,9010,982,335,7693,92321,11
AZ,150000,3313,9187,1672,371,7144,85734,32
CA,150000,4003,8497,2104,452,5941,71296,50
CO,150000,3508,8992,1822,398,6772,81259,43
CT,150000,3663,8837,1550,445,6842,82101,40
DE,150000,3740,8760,1530,398,6832,81986,41
FL,150000,3017,9483,1812,375,7296,87547,28
GA,150000,3614,8886,1506,362,7018,84213,38
HI,150000,3885,8615,1942,598,6075,72902,49
IA,150000,3441,9059,981,332,7746,92947,7
ID,150000,3588,8912,1384,358,7170,86045,30
IL,150000,3624,8876,1322,392,7162,85943,31
IN,150000,3384,9116,1104,342,7670,92044,12
KS,150000,3648,8852,1079,338,7435,89217,23
KY,150000,3445,9055,998,338,7719,92627,10
LA,150000,3360,9140,1064,348,7728,92733,8
MA,150000,3624,8876,1848,458,6570,78839,47
MD,150000,3594,8906,1721,428,6757,81087,44
ME,150000,3818,8682,1210,408,7064,84767,36
MI,150000,3528,8972,1168,358,7446,89355,22
MN,150000,3763,8737,1291,378,7068,84821,35
MO,150000,3527,8973,1067,348,7558,90698,15
MS,150000,3456,9044,990,328,7726,92707,9
MT,150000,3610,8890,1177,378,7335,88017,26
NC,150000,3474,9026,1338,358,7330,87963,27
ND,150000,3156,9344,980,358,8006,96069,3
NE,150000,3528,8972,1102,348,7522,90270,16
NH,150000,3017,9483,1558,428,7497,89959,19
NJ,150000,3678,8822,1800,448,6574,78893,46
NM,150000,3519,8981,1117,348,7516,90192,18
NV,150000,3017,9483,1709,375,7399,88783,25
NY,150000,3671,8829,1634,478,6717,80606,45
OH,150000,3296,9204,1090,352,7762,93144,5
OK,150000,3537,8963,1044,342,7577,90919,14
OR,150000,4160,8340,1765,408,6167,74010,48
PA,150000,3401,9099,1252,385,7462,89542,20
RI,150000,3595,8905,1418,428,7059,84707,37
SC,150000,3671,8829,1272,352,7205,86460,29
SD,150000,3017,9483,999,348,8136,97627,1
TN,150000,3017,9483,1284,358,7841,94087,4
TX,150000,3017,9483,1475,372,7636,91627,13
UT,150000,3580,8920,1593,372,6955,83461,39
VA,150000,3668,8832,1646,398,6788,81452,42
VT,150000,3685,8815,1319,418,7078,84931,34
WA,150000,3118,9382,1824,428,7130,85557,33
WI,150000,3568,8932,1142,362,7428,89136,24
WV,150000,3542,8958,883,322,7753,93036,6
WY,150000,3017,9483,998,362,8123,97471,2
